location,country,latitude,longitude,year,mean_ghi,heat_p95_tmax,mean_rh,ghi_within_month_cv,wind_p95
Abu Dhabi,United Arab Emirates,24.4539,54.3773,2014,6.036241917808218,39.034,60.416520547945204,0.0943909061737273,6.29
Abu Dhabi,United Arab Emirates,24.4539,54.3773,2015,5.925558082191781,40.558,58.5621095890411,0.09703398150065244,7.148000000000001
Abu Dhabi,United Arab Emirates,24.4539,54.3773,2016,5.915187704918033,40.442499999999995,62.04549180327869,0.10341124578782983,6.9
Abu Dhabi,United Arab Emirates,24.4539,54.3773,2017,5.675634520547946,41.112,61.05693150684931,0.10576882931125886,6.748
Abu Dhabi,United Arab Emirates,24.4539,54.3773,2018,5.696854794520547,40.050000000000004,60.32320547945206,0.09754040743088861,6.138000000000001
Abu Dhabi,United Arab Emirates,24.4539,54.3773,2019,5.609290136986301,40.132,60.268904109589045,0.1288322298438829,6.828000000000001
Abu Dhabi,United Arab Emirates,24.4539,54.3773,2020,5.770981967213115,39.84,60.74928961748633,0.09735445117265867,6.7625
Abu Dhabi,United Arab Emirates,24.4539,54.3773,2021,5.8675068493150695,40.541999999999994,59.95961643835617,0.07509478340079036,6.008
Abu Dhabi,United Arab Emirates,24.4539,54.3773,2022,5.557289315068493,39.554,62.07991780821917,0.10207484485990408,7.534000000000001
Abu Dhabi,United Arab Emirates,24.4539,54.3773,2023,5.504497260273973,40.282,61.95128767123288,0.10423737870103657,6.530000000000001
Alice Springs,Australia,-23.698,133.8807,2014,6.169890684931507,39.504000000000005,37.852,0.18722771215602127,7.0
Alice Springs,Australia,-23.698,133.8807,2015,6.254867945205478,39.794000000000004,35.422273972602746,0.1690287627677128,7.032000000000001
Alice Springs,Australia,-23.698,133.8807,2016,5.927405737704919,39.71,37.23939890710382,0.2150067438080396,6.9
Alice Springs,Australia,-23.698,133.8807,2017,6.341800547945206,40.028,30.91476712328767,0.16006105359112613,6.91
Alice Springs,Australia,-23.698,133.8807,2018,6.419287671232877,41.074,29.404602739726027,0.15078444011704614,7.0
Alice Springs,Australia,-23.698,133.8807,2019,6.777005205479451,42.966,27.431589041095894,0.11818480654292694,7.086
Alice Springs,Australia,-23.698,133.8807,2020,6.304626775956285,41.18,32.444836065573774,0.18126304822874426,6.9025
Alice Springs,Australia,-23.698,133.8807,2021,6.351280821917808,38.758,35.14410958904109,0.16984304284636356,6.946000000000001
Alice Springs,Australia,-23.698,133.8807,2022,6.026761643835616,38.966,37.46534246575342,0.20128103663066968,6.994000000000001
Alice Springs,Australia,-23.698,133.8807,2023,6.153208219178082,39.440000000000005,36.96413698630137,0.18013098077140202,6.874000000000001
Antofagasta,Chile,-23.6509,-70.3975,2014,6.225780547945206,23.39,78.38638356164384,0.10803057515807868,4.58
Antofagasta,Chile,-23.6509,-70.3975,2015,6.113265205479451,23.726,79.50545205479452,0.11922011789761937,4.51
Antofagasta,Chile,-23.6509,-70.3975,2016,6.287692349726776,24.049999999999997,78.99887978142077,0.11546326272402718,4.485
Antofagasta,Chile,-23.6509,-70.3975,2017,6.228855342465754,25.148,80.02421917808218,0.11526849440428065,4.634000000000001
Antofagasta,Chile,-23.6509,-70.3975,2018,6.263806027397261,23.418000000000003,80.1685205479452,0.11526266301476712,4.532000000000001
Antofagasta,Chile,-23.6509,-70.3975,2019,6.229491506849315,23.968,79.92027397260273,0.12645395073685348,4.974000000000001
Antofagasta,Chile,-23.6509,-70.3975,2020,6.302365573770492,24.155,80.81956284153006,0.11317765889404523,4.3149999999999995
Antofagasta,Chile,-23.6509,-70.3975,2021,6.346220547945205,22.618000000000002,80.57501369863014,0.11015242364866899,4.456
Antofagasta,Chile,-23.6509,-70.3975,2022,6.338983287671233,22.555999999999997,80.53235616438357,0.11061117253262043,4.31
Antofagasta,Chile,-23.6509,-70.3975,2023,6.211908767123288,24.132,79.94326027397261,0.097684323267694,4.676
Aswan,Egypt,24.0889,32.8998,2014,6.561442739726027,44.242,26.47441095890411,0.06939544620395283,6.09
Aswan,Egypt,24.0889,32.8998,2015,6.509720000000001,45.150000000000006,26.17490410958904,0.059548750992897026,6.3020000000000005
Aswan,Egypt,24.0889,32.8998,2016,6.494818032786885,44.2375,25.789371584699452,0.07182489290403822,6.385
Aswan,Egypt,24.0889,32.8998,2017,6.51873397260274,45.144,25.509452054794522,0.06795994843760754,6.426
Aswan,Egypt,24.0889,32.8998,2018,6.465337808219177,45.242000000000004,26.52158904109589,0.068636052976545,6.24
Aswan,Egypt,24.0889,32.8998,2019,6.458911780821919,45.25,25.457315068493145,0.08837864408450845,5.816000000000001
Aswan,Egypt,24.0889,32.8998,2020,6.552176229508197,44.9275,26.867486338797814,0.06483993528841966,6.04
Aswan,Egypt,24.0889,32.8998,2021,6.552399726027398,44.806000000000004,25.419095890410958,0.06032150864791306,6.45
Aswan,Egypt,24.0889,32.8998,2022,6.478813150684933,44.092,26.371890410958898,0.06816605936253665,6.502000000000001
Aswan,Egypt,24.0889,32.8998,2023,6.410399178082191,45.622,26.60290410958904,0.07516983876722304,6.31
Dunhuang,China,40.1421,94.6618,2014,4.994136438356165,34.784,24.98731506849315,0.17486888004135334,5.274000000000001
Dunhuang,China,40.1421,94.6618,2015,4.918368767123288,35.732,27.962575342465755,0.20271429662791676,5.784000000000001
Dunhuang,China,40.1421,94.6618,2016,4.847439071038251,36.295,30.434699453551914,0.20200513744764906,5.577500000000001
Dunhuang,China,40.1421,94.6618,2017,4.883817260273973,35.686,27.611095890410958,0.2000223514870336,5.894000000000001
Dunhuang,China,40.1421,94.6618,2018,4.874341369863013,35.99000000000001,28.35402739726028,0.19537230804220537,5.770000000000002
Dunhuang,China,40.1421,94.6618,2019,4.894047671232877,35.440000000000005,30.02898630136987,0.19315042508024585,5.74
Dunhuang,China,40.1421,94.6618,2020,5.05618387978142,35.0225,26.387076502732242,0.16679600633017458,5.1175
Dunhuang,China,40.1421,94.6618,2021,4.954104657534247,35.652,26.18068493150685,0.18831519270260247,5.74
Dunhuang,China,40.1421,94.6618,2022,4.869649041095891,36.160000000000004,26.844712328767123,0.1807449864485219,5.742000000000001
Dunhuang,China,40.1421,94.6618,2023,4.914281643835617,36.874,25.052958904109587,0.1750248369471348,5.848
Jodhpur,India,26.2389,73.0243,2014,5.684107945205478,43.12,41.04558904109589,0.13937345585227848,6.93
Jodhpur,India,26.2389,73.0243,2015,5.635146575342466,43.302,41.11054794520548,0.13278518987935092,6.05
Jodhpur,India,26.2389,73.0243,2016,5.6946267759562845,43.6925,42.835218579234976,0.11579733102362331,6.15
Jodhpur,India,26.2389,73.0243,2017,5.513625753424658,42.622,42.54408219178083,0.14531165289967607,6.33
Jodhpur,India,26.2389,73.0243,2018,5.452506849315069,43.926,35.10197260273972,0.12702261422379604,6.23
Jodhpur,India,26.2389,73.0243,2019,5.365152876712329,43.374,47.789150684931506,0.1531563550400139,5.92
Jodhpur,India,26.2389,73.0243,2020,5.470286612021858,43.0825,47.006475409836064,0.14004008199530926,6.0375
Jodhpur,India,26.2389,73.0243,2021,5.442855342465752,42.13,42.458164383561645,0.16662662582703056,7.062000000000001
Jodhpur,India,26.2389,73.0243,2022,5.430238630136986,43.538,46.33706849315068,0.1242358448895388,6.770000000000001
Jodhpur,India,26.2389,73.0243,2023,5.317977808219178,40.262,49.30457534246576,0.14035944768659134,6.396000000000001
Las Vegas,United States,36.1699,-115.1398,2014,5.618969863013699,40.72,28.900109589041097,0.1773456151045972,7.048000000000002
Las Vegas,United States,36.1699,-115.1398,2015,5.488349589041096,42.406,31.34783561643836,0.18478153795257368,6.154000000000001
Las Vegas,United States,36.1699,-115.1398,2016,5.605254098360656,43.1975,31.385409836065577,0.19530516283309832,7.1475
Las Vegas,United States,36.1699,-115.1398,2017,5.600573150684932,42.940000000000005,30.702904109589035,0.16846664769376696,7.492000000000003
Las Vegas,United States,36.1699,-115.1398,2018,5.64433205479452,42.580000000000005,29.262164383561647,0.16471720163033426,7.036000000000001
Las Vegas,United States,36.1699,-115.1398,2019,5.51088602739726,42.732,33.62852054794521,0.20914098183375293,6.8660000000000005
Las Vegas,United States,36.1699,-115.1398,2020,5.730423224043715,43.6325,26.942650273224043,0.14316751805013014,6.907500000000001
Las Vegas,United States,36.1699,-115.1398,2021,5.532263287671233,43.074,26.955945205479452,0.17788999633459798,7.496
Las Vegas,United States,36.1699,-115.1398,2022,5.622756164383562,43.086000000000006,28.869534246575345,0.14459971912432876,7.254000000000001
Las Vegas,United States,36.1699,-115.1398,2023,5.386670410958904,43.662000000000006,32.68643835616438,0.20004846092864048,6.924000000000001
NEOM Bay/Sharma,Saudi Arabia,28.112,35.194,2014,6.366116438356165,38.808,43.289452054794516,0.09486798318478656,7.268
NEOM Bay/Sharma,Saudi Arabia,28.112,35.194,2015,6.232381917808219,39.942,43.67046575342466,0.10376727844620758,7.45
NEOM Bay/Sharma,Saudi Arabia,28.112,35.194,2016,6.324904644808743,39.660000000000004,42.76655737704918,0.10776403393145095,7.2924999999999995
NEOM Bay/Sharma,Saudi Arabia,28.112,35.194,2017,6.309803835616438,40.216,42.507123287671234,0.09234657079037921,7.35
NEOM Bay/Sharma,Saudi Arabia,28.112,35.194,2018,6.156776712328767,39.06,44.84430136986301,0.10835203635037453,6.6240000000000006
NEOM Bay/Sharma,Saudi Arabia,28.112,35.194,2019,6.321211780821917,39.010000000000005,43.90569863013699,0.10706992814674667,6.518
NEOM Bay/Sharma,Saudi Arabia,28.112,35.194,2020,6.3142456284153,40.0875,44.784672131147545,0.09345151678074272,7.615
NEOM Bay/Sharma,Saudi Arabia,28.112,35.194,2021,6.373810410958905,39.403999999999996,42.48164383561644,0.09429416569653025,7.92
NEOM Bay/Sharma,Saudi Arabia,28.112,35.194,2022,6.221656712328767,39.57,43.84569863013699,0.10026667627722147,7.6800000000000015
NEOM Bay/Sharma,Saudi Arabia,28.112,35.194,2023,6.183770136986302,40.82600000000001,44.096575342465755,0.11268612892197653,7.088
Ouarzazate,Morocco,30.9335,-6.937,2014,5.95494602739726,37.050000000000004,41.64761643835617,0.16094803084607642,7.418000000000002
Ouarzazate,Morocco,30.9335,-6.937,2015,5.960519726027397,36.147999999999996,42.11268493150685,0.14108736958886273,6.670000000000002
Ouarzazate,Morocco,30.9335,-6.937,2016,6.02592650273224,36.83,39.945874316939886,0.1304127132761001,7.2075000000000005
Ouarzazate,Morocco,30.9335,-6.937,2017,5.984747397260273,37.258,35.21846575342466,0.11945534142079262,5.9140000000000015
Ouarzazate,Morocco,30.9335,-6.937,2018,5.965185479452055,37.047999999999995,44.821041095890415,0.13905936355136067,7.8180000000000005
Ouarzazate,Morocco,30.9335,-6.937,2019,6.092410410958904,36.942,35.944684931506856,0.11354674317343359,7.02
Ouarzazate,Morocco,30.9335,-6.937,2020,5.959214754098361,37.087500000000006,39.62677595628415,0.1367786494101265,6.385
Ouarzazate,Morocco,30.9335,-6.937,2021,5.899933698630138,37.794000000000004,38.731780821917816,0.15908025900504605,6.082000000000001
Ouarzazate,Morocco,30.9335,-6.937,2022,5.75245506849315,37.366,39.26304109589041,0.15799915120550861,5.892000000000002
Ouarzazate,Morocco,30.9335,-6.937,2023,5.995633150684932,38.11,35.70643835616439,0.13805903571336253,5.756
Phoenix,United States,33.4484,-112.074,2014,5.842267945205481,41.902,33.18358904109589,0.14882231070492094,4.472000000000001
Phoenix,United States,33.4484,-112.074,2015,5.695544657534247,42.696000000000005,36.61484931506849,0.17320910732155084,4.3740000000000006
Phoenix,United States,33.4484,-112.074,2016,5.824421857923498,43.7525,32.93513661202186,0.16876451120107525,5.06
Phoenix,United States,33.4484,-112.074,2017,5.840699726027397,42.948,31.5668493150685,0.1521240356453464,4.700000000000001
Phoenix,United States,33.4484,-112.074,2018,5.813416438356164,42.984,31.929917808219184,0.17086920322026866,4.596
Phoenix,United States,33.4484,-112.074,2019,5.795607123287671,43.31,36.394958904109586,0.17548053724351162,4.746
Phoenix,United States,33.4484,-112.074,2020,5.965311475409837,44.445,30.217568306010925,0.1350908664656045,4.5575
Phoenix,United States,33.4484,-112.074,2021,5.768141917808219,43.00000000000001,32.24068493150685,0.1624819935811029,4.722000000000001
Phoenix,United States,33.4484,-112.074,2022,5.857236712328767,42.980000000000004,34.07504109589041,0.13548922555037504,4.53
Phoenix,United States,33.4484,-112.074,2023,5.821358630136986,44.577999999999996,32.99594520547945,0.15937158099950885,4.486000000000001
