topic,source,role,admission_boundary
NASA POWER,NASA POWER Daily API and methodology documentation,Official data-source description,Satellite/model-derived data source; used for exact acquisition/provenance.
NASA POWER benchmark,"Riise et al. (2024), Solar Energy 282, 112975, doi:10.1016/j.solener.2024.112975",External benchmark of NASA POWER and other irradiance products,Supports data-product characterization/limitations; high-latitude errors are not transferred numerically to the present sites.
Solar variability,"Habte et al. (2020), Renewable and Sustainable Energy Reviews 134, 110285, doi:10.1016/j.rser.2020.110285",Long-term interannual and seasonal GHI/DNI variability using COV,Supports separate reporting of resource magnitude and long-term/seasonal variability.
Solar variability,"Voyant et al. (2026), Renewable Energy 256, 123913, doi:10.1016/j.renene.2025.123913",Limitations of classical CV and physically bounded variability metrics,Supports caution that raw daily CV mixes deterministic trend and stochastic fluctuations.
Normalization sensitivity,"Kelemen et al. (2024), Environmental and Sustainability Indicators 23, 100453, doi:10.1016/j.indic.2024.100453",Sensitivity of composite rankings to min/max thresholds,Supports explicit benchmark-dependence and normalization sensitivity audit.
PV climate-zone MCDM,"Singh and Powar (2023), Energy Strategy Reviews 50, 101202, doi:10.1016/j.esr.2023.101202",PV performance/location assessment across climatic zones,Comparison study for Discussion; not a direct numerical benchmark.
Solar-site MCDM,"Hosouli and Hassani (2024), Results in Engineering 24, 103162, doi:10.1016/j.rineng.2024.103162",Solar plant location MCDM with climate/resource criteria,Comparison study for resource/climate screening; not a direct numerical benchmark.
MCDM robustness,"Kannan et al. (2021), Journal of Cleaner Production 279, 122368, doi:10.1016/j.jclepro.2020.122368",Monte Carlo robustness for solar-site MCDM,Methodological comparator; does not justify probabilistic bounds for uncalibrated PIAF scores.
MCDM algorithms,"Hosouli et al. (2024), Heliyon 10, e27605, doi:10.1016/j.heliyon.2024.e27605",TOPSIS/VIKOR/PROMETHEE/EDAS PV-related selection,Methodological context only; revised central analysis does not depend on these methods.
